Block_Group,FIPS_Code,Formatted_FIPS,Probability that two individuals chosen at random would be of di
"421019809001, PA",421019809001,421019809001,N/A
"421019800001, PA",421019800001,421019800001,68.71
"421010050001, PA",421010050001,421010050001,N/A
"421019807001, PA",421019807001,421019807001,N/A
"421019803001, PA",421019803001,421019803001,N/A
"421019801001, PA",421019801001,421019801001,0
"421019802001, PA",421019802001,421019802001,28.74
"421010378002, PA",421010378002,421010378002,31.03
"421010364001, PA",421010364001,421010364001,53.14
"421019891001, PA",421019891001,421019891001,50.45
"421010386001, PA",421010386001,421010386001,35.24
"421010381002, PA",421010381002,421010381002,29.12
"421010220001, PA",421010220001,421010220001,45.46
"421019804001, PA",421019804001,421019804001,N/A
"421010383001, PA",421010383001,421010383001,50.7
"421010366001, PA",421010366001,421010366001,52.32
"421010054001, PA",421010054001,421010054001,42.05
"421019808001, PA",421019808001,421019808001,N/A
"421010360001, PA",421010360001,421010360001,60.1
"421010363011, PA",421010363011,421010363011,9.38
"421010384001, PA",421010384001,421010384001,33.54
"421010346001, PA",421010346001,421010346001,69.42
"421010184002, PA",421010184002,421010184002,13.71
"421010387002, PA",421010387002,421010387002,39.61
"421010381001, PA",421010381001,421010381001,53.63
"421010363031, PA",421010363031,421010363031,9.74
"421010216002, PA",421010216002,421010216002,48.93
"421010373003, PA",421010373003,421010373003,69.14
"421010359002, PA",421010359002,421010359002,41.39
"421010219001, PA",421010219001,421010219001,25.27
"421010390001, PA",421010390001,421010390001,60.44
"421010206001, PA",421010206001,421010206001,67.2
"421010292002, PA",421010292002,421010292002,68.5
"421019806001, PA",421019806001,421019806001,N/A
"421010357021, PA",421010357021,421010357021,53.73
"421010351002, PA",421010351002,421010351002,17.34
"421010353022, PA",421010353022,421010353022,30.16
"421010369002, PA",421010369002,421010369002,43.81
"421010344004, PA",421010344004,421010344004,52.41
"421010344003, PA",421010344003,421010344003,23.66
"421010183001, PA",421010183001,421010183001,3.93
"421010352001, PA",421010352001,421010352001,25.53
"421010355003, PA",421010355003,421010355003,50.56
"421010382003, PA",421010382003,421010382003,65.85
"421010349001, PA",421010349001,421010349001,75.31
"421010365022, PA",421010365022,421010365022,26.78
"421010142002, PA",421010142002,421010142002,47.06
"421010385002, PA",421010385002,421010385002,33.96
"421010205001, PA",421010205001,421010205001,8.26
"421010365011, PA",421010365011,421010365011,38.98
"421010358001, PA",421010358001,421010358001,54.95
"421010038002, PA",421010038002,421010038002,16.15
"421010356022, PA",421010356022,421010356022,57.05
"421010356011, PA",421010356011,421010356011,50.99
"421010362033, PA",421010362033,421010362033,10.88
"421010056001, PA",421010056001,421010056001,25.61
"421010342002, PA",421010342002,421010342002,42.27
"421010388001, PA",421010388001,421010388001,55.57
"421010379003, PA",421010379003,421010379003,18.57
"421010359001, PA",421010359001,421010359001,31.47
"421010235001, PA",421010235001,421010235001,56.48
"421010373002, PA",421010373002,421010373002,17.6
"421010173002, PA",421010173002,421010173002,15.87
"421010143001, PA",421010143001,421010143001,23.8
"421010389001, PA",421010389001,421010389001,36.95
"421010291001, PA",421010291001,421010291001,69.17
"421010279022, PA",421010279022,421010279022,63.94
"421010033002, PA",421010033002,421010033002,55.85
"421010231001, PA",421010231001,421010231001,12.98
"421010348031, PA",421010348031,421010348031,0.92
"421010365021, PA",421010365021,421010365021,14.07
"421010121002, PA",421010121002,421010121002,43.28
"421010353012, PA",421010353012,421010353012,26.25
"421010355001, PA",421010355001,421010355001,38.53
"421010183003, PA",421010183003,421010183003,4.1
"421010122042, PA",421010122042,421010122042,43.13
"421010348013, PA",421010348013,421010348013,34.57
"421010365012, PA",421010365012,421010365012,12.08
"421010170002, PA",421010170002,421010170002,0
"421010207004, PA",421010207004,421010207004,66.27
"421010378001, PA",421010378001,421010378001,45.89
"421010117001, PA",421010117001,421010117001,61.42
"421010384002, PA",421010384002,421010384002,27.24
"421010339003, PA",421010339003,421010339003,9.01
"421010380001, PA",421010380001,421010380001,53.16
"421010344002, PA",421010344002,421010344002,34.74
"421010111001, PA",421010111001,421010111001,34.92
"421010171004, PA",421010171004,421010171004,36.82
"421010367001, PA",421010367001,421010367001,24.95
"421010258001, PA",421010258001,421010258001,10.59
"421010337022, PA",421010337022,421010337022,55.46
"421010170001, PA",421010170001,421010170001,54.6
"421010332002, PA",421010332002,421010332002,21.32
"421010344001, PA",421010344001,421010344001,46.87
"421010382001, PA",421010382001,421010382001,61.29
"421010013005, PA",421010013005,421010013005,56
"421010375002, PA",421010375002,421010375002,55.71
"421010191005, PA",421010191005,421010191005,66.73
"421010355002, PA",421010355002,421010355002,28.34
"421010356021, PA",421010356021,421010356021,49.13
"421010372004, PA",421010372004,421010372004,67.58
"421010356012, PA",421010356012,421010356012,32.49
"421010353011, PA",421010353011,421010353011,35.56
"421010236003, PA",421010236003,421010236003,47.81
"421010069001, PA",421010069001,421010069001,19.76
"421010055003, PA",421010055003,421010055003,35.59
"421010060001, PA",421010060001,421010060001,47.72
"421010208002, PA",421010208002,421010208002,50.07
"421010205002, PA",421010205002,421010205002,44.17
"421010334004, PA",421010334004,421010334004,71.33
"421010335002, PA",421010335002,421010335002,68.94
"421010217001, PA",421010217001,421010217001,20.64
"421010348022, PA",421010348022,421010348022,33.02
"421010358002, PA",421010358002,421010358002,0
"421010207001, PA",421010207001,421010207001,41.52
"421010369001, PA",421010369001,421010369001,54.17
"421010351001, PA",421010351001,421010351001,8.92
"421010375001, PA",421010375001,421010375001,67.26
"421010347012, PA",421010347012,421010347012,57.89
"421010055001, PA",421010055001,421010055001,34.53
"421010218001, PA",421010218001,421010218001,33.24
"421010269002, PA",421010269002,421010269002,54.5
"421010345022, PA",421010345022,421010345022,56.35
"421010001002, PA",421010001002,421010001002,55.28
"421010361001, PA",421010361001,421010361001,56.37
"421010061001, PA",421010061001,421010061001,25.41
"421010337013, PA",421010337013,421010337013,57.1
"421010064003, PA",421010064003,421010064003,41.3
"421010273001, PA",421010273001,421010273001,60.79
"421010338005, PA",421010338005,421010338005,56.42
"421010217002, PA",421010217002,421010217002,44.99
"421010338001, PA",421010338001,421010338001,48.24
"421010362031, PA",421010362031,421010362031,26.8
"421010005001, PA",421010005001,421010005001,71.97
"421010270002, PA",421010270002,421010270002,26.88
"421010348023, PA",421010348023,421010348023,20.19
"421010065002, PA",421010065002,421010065002,6.52
"421010237002, PA",421010237002,421010237002,51.17
"421010191004, PA",421010191004,421010191004,48.11
"421010120002, PA",421010120002,421010120002,60.27
"421010361002, PA",421010361002,421010361002,21.08
"421019805001, PA",421019805001,421019805001,N/A
"421010369003, PA",421010369003,421010369003,63.7
"421010289012, PA",421010289012,421010289012,43.6
"421010266001, PA",421010266001,421010266001,0
"421010352003, PA",421010352003,421010352003,22.4
"421010347021, PA",421010347021,421010347021,59.19
"421010345023, PA",421010345023,421010345023,71.61
"421010241001, PA",421010241001,421010241001,44.95
"421010362012, PA",421010362012,421010362012,23.43
"421010114006, PA",421010114006,421010114006,25.02
"421010347023, PA",421010347023,421010347023,7.92
"421010118003, PA",421010118003,421010118003,1.91
"421010125003, PA",421010125003,421010125003,46.18
"421010352002, PA",421010352002,421010352002,11.26
"421010348012, PA",421010348012,421010348012,30.29
"421010333001, PA",421010333001,421010333001,34.62
"421010363012, PA",421010363012,421010363012,47.71
"421010348032, PA",421010348032,421010348032,43.9
"421010144002, PA",421010144002,421010144002,58.58
"421010349002, PA",421010349002,421010349002,58.26
"421010358003, PA",421010358003,421010358003,27.67
"421010002001, PA",421010002001,421010002001,59.73
"421010255002, PA",421010255002,421010255002,55.64
"421010184001, PA",421010184001,421010184001,14.98
"421010385001, PA",421010385001,421010385001,20.56
"421010254004, PA",421010254004,421010254004,29.37
"421010065006, PA",421010065006,421010065006,6.55
"421010217003, PA",421010217003,421010217003,17.5
"421010171003, PA",421010171003,421010171003,9.28
"421010376002, PA",421010376002,421010376002,60.52
"421010309003, PA",421010309003,421010309003,70.73
"421010356013, PA",421010356013,421010356013,10.16
"421010036003, PA",421010036003,421010036003,37.73
"421010208001, PA",421010208001,421010208001,65.47
"421010218002, PA",421010218002,421010218002,54.42
"421010361003, PA",421010361003,421010361003,28.07
"421010357011, PA",421010357011,421010357011,49.82
"421010063004, PA",421010063004,421010063004,27.65
"421010377001, PA",421010377001,421010377001,62.86
"421010363034, PA",421010363034,421010363034,6.89
"421010211002, PA",421010211002,421010211002,32.06
"421010257001, PA",421010257001,421010257001,57.13
"421010289021, PA",421010289021,421010289021,47.82
"421010092001, PA",421010092001,421010092001,36.33
"421010170003, PA",421010170003,421010170003,27.21
"421010212001, PA",421010212001,421010212001,43.16
"421010353021, PA",421010353021,421010353021,24.28
"421010215004, PA",421010215004,421010215004,55.75
"421010210004, PA",421010210004,421010210004,36.83
"421010282003, PA",421010282003,421010282003,39.18
"421010216001, PA",421010216001,421010216001,15.23
"421010347011, PA",421010347011,421010347011,55.73
"421010125001, PA",421010125001,421010125001,37.71
"421010293001, PA",421010293001,421010293001,59.95
"421010317005, PA",421010317005,421010317005,65.85
"421010261001, PA",421010261001,421010261001,4.97
"421010376001, PA",421010376001,421010376001,73
"421010282002, PA",421010282002,421010282002,32.29
"421010256001, PA",421010256001,421010256001,51.03
"421010293002, PA",421010293002,421010293002,66.57
"421010141001, PA",421010141001,421010141001,68.3
"421010256003, PA",421010256003,421010256003,50.34
"421010362023, PA",421010362023,421010362023,9.61
"421010333002, PA",421010333002,421010333002,56.85
"421010340001, PA",421010340001,421010340001,33.42
"421010347013, PA",421010347013,421010347013,39.03
"421010302001, PA",421010302001,421010302001,59.6
"421010357022, PA",421010357022,421010357022,27.87
"421010003001, PA",421010003001,421010003001,48.03
"421010377002, PA",421010377002,421010377002,64.17
"421010348021, PA",421010348021,421010348021,61.34
"421010272003, PA",421010272003,421010272003,50.15
"421010161001, PA",421010161001,421010161001,24.87
"421010199004, PA",421010199004,421010199004,50.89
"421010329002, PA",421010329002,421010329002,65.43
"421010348011, PA",421010348011,421010348011,9.3
"421010362022, PA",421010362022,421010362022,5.75
"421010280002, PA",421010280002,421010280002,1.84
"421010323003, PA",421010323003,421010323003,56.33
"421010157003, PA",421010157003,421010157003,60.26
"421010363022, PA",421010363022,421010363022,38.86
"421010260001, PA",421010260001,421010260001,28.81
"421010336003, PA",421010336003,421010336003,65.79
"421010146001, PA",421010146001,421010146001,63.56
"421010339002, PA",421010339002,421010339002,66.04
"421010333003, PA",421010333003,421010333003,55.6
"421010334002, PA",421010334002,421010334002,47.36
"421010373001, PA",421010373001,421010373001,9.47
"421010062004, PA",421010062004,421010062004,21.53
"421010203002, PA",421010203002,421010203002,23.46
"421010319005, PA",421010319005,421010319005,63.65
"421010337011, PA",421010337011,421010337011,51.15
"421010307003, PA",421010307003,421010307003,64.94
"421010349004, PA",421010349004,421010349004,50.51
"421010356014, PA",421010356014,421010356014,26.58
"421010341004, PA",421010341004,421010341004,38.58
"421010139003, PA",421010139003,421010139003,58.58
"421010247002, PA",421010247002,421010247002,11.64
"421010325003, PA",421010325003,421010325003,63.38
"421010345012, PA",421010345012,421010345012,56
"421010389003, PA",421010389003,421010389003,19.66
"421010066001, PA",421010066001,421010066001,6.98
"421010245003, PA",421010245003,421010245003,8.65
"421010132002, PA",421010132002,421010132002,53.05
"421010294002, PA",421010294002,421010294002,59.89
"421010239002, PA",421010239002,421010239002,75.67
"421010276001, PA",421010276001,421010276001,0
"421010272002, PA",421010272002,421010272002,26.31
"421010331021, PA",421010331021,421010331021,29.93
"421010105003, PA",421010105003,421010105003,25.64
"421010262004, PA",421010262004,421010262004,9.34
"421010387001, PA",421010387001,421010387001,36.18
"421010215002, PA",421010215002,421010215002,20.85
"421010105002, PA",421010105002,421010105002,20.57
"421010362032, PA",421010362032,421010362032,17.95
"421010179005, PA",421010179005,421010179005,49.67
"421010243002, PA",421010243002,421010243002,26.89
"421010036001, PA",421010036001,421010036001,66.83
"421010098022, PA",421010098022,421010098022,9.96
"421010236002, PA",421010236002,421010236002,50.94
"421010152002, PA",421010152002,421010152002,16.39
"421010294003, PA",421010294003,421010294003,65.83
"421010245002, PA",421010245002,421010245002,38.52
"421010285001, PA",421010285001,421010285001,63.74
"421010165003, PA",421010165003,421010165003,58.4
"421010201011, PA",421010201011,421010201011,18.59
"421010275001, PA",421010275001,421010275001,51.3
"421010308003, PA",421010308003,421010308003,73.25
"421010290003, PA",421010290003,421010290003,56.03
"421010137005, PA",421010137005,421010137005,50.55
"421010190003, PA",421010190003,421010190003,46.93
"421010004022, PA",421010004022,421010004022,34.49
"421010325004, PA",421010325004,421010325004,39.33
"421010067007, PA",421010067007,421010067007,30.97
"421010286001, PA",421010286001,421010286001,48.69
"421010207003, PA",421010207003,421010207003,24.65
"421010335003, PA",421010335003,421010335003,72.81
"421010082005, PA",421010082005,421010082005,21.6
"421010362011, PA",421010362011,421010362011,19.81
"421010332001, PA",421010332001,421010332001,38.95
"421010329001, PA",421010329001,421010329001,55.2
"421010315021, PA",421010315021,421010315021,47.72
"421010330004, PA",421010330004,421010330004,61.37
"421010341003, PA",421010341003,421010341003,35.06
"421010217004, PA",421010217004,421010217004,12.49
"421010240002, PA",421010240002,421010240002,61.27
"421010362021, PA",421010362021,421010362021,48.43
"421010156001, PA",421010156001,421010156001,54.17
"421010131001, PA",421010131001,421010131001,47.54
"421010382002, PA",421010382002,421010382002,40.06
"421010237004, PA",421010237004,421010237004,49.53
"421010091002, PA",421010091002,421010091002,66.73
"421010111002, PA",421010111002,421010111002,15.14
"421010252006, PA",421010252006,421010252006,17.85
"421010365013, PA",421010365013,421010365013,65.74
"421010151021, PA",421010151021,421010151021,8.84
"421010209003, PA",421010209003,421010209003,33.32
"421010001001, PA",421010001001,421010001001,35.99
"421010291002, PA",421010291002,421010291002,57.84
"421010214001, PA",421010214001,421010214001,44.85
"421010380002, PA",421010380002,421010380002,56.4
"421010215003, PA",421010215003,421010215003,19.45
"421010100004, PA",421010100004,421010100004,36
"421010389002, PA",421010389002,421010389002,8.26
"421010278003, PA",421010278003,421010278003,18.37
"421010362013, PA",421010362013,421010362013,21.94
"421010341005, PA",421010341005,421010341005,16.31
"421010257002, PA",421010257002,421010257002,57.01
"421010190005, PA",421010190005,421010190005,56.85
"421010336002, PA",421010336002,421010336002,32.54
"421010340002, PA",421010340002,421010340002,68.45
"421010268001, PA",421010268001,421010268001,44.49
"421010198001, PA",421010198001,421010198001,41.48
"421010255003, PA",421010255003,421010255003,61.8
"421010246003, PA",421010246003,421010246003,18.69
"421010263024, PA",421010263024,421010263024,11.28
"421010388004, PA",421010388004,421010388004,55.59
"421010281001, PA",421010281001,421010281001,20.15
"421010292001, PA",421010292001,421010292001,59.01
"421010140001, PA",421010140001,421010140001,51.37
"421010357012, PA",421010357012,421010357012,69.78
"421010383003, PA",421010383003,421010383003,51.82
"421010321001, PA",421010321001,421010321001,66.1
"421010349003, PA",421010349003,421010349003,44.54
"421010372001, PA",421010372001,421010372001,24.55
"421010337021, PA",421010337021,421010337021,67.18
"421010337012, PA",421010337012,421010337012,25.07
"421010314023, PA",421010314023,421010314023,71.08
"421010362024, PA",421010362024,421010362024,50.4
"421010163004, PA",421010163004,421010163004,33.71
"421010004011, PA",421010004011,421010004011,62.39
"421010147002, PA",421010147002,421010147002,61.64
"421010238002, PA",421010238002,421010238002,58.41
"421010379006, PA",421010379006,421010379006,1.7
"421010169013, PA",421010169013,421010169013,7.42
"421010291003, PA",421010291003,421010291003,65.29
"421010122031, PA",421010122031,421010122031,72.47
"421010003002, PA",421010003002,421010003002,45.95
"421010268004, PA",421010268004,421010268004,24.56
"421010067001, PA",421010067001,421010067001,36.92
"421010363033, PA",421010363033,421010363033,27.94
"421010141002, PA",421010141002,421010141002,46.02
"421010162002, PA",421010162002,421010162002,55.24
"421010278004, PA",421010278004,421010278004,12.95
"421010308004, PA",421010308004,421010308004,64.94
"421010243004, PA",421010243004,421010243004,52.7
"421010060004, PA",421010060004,421010060004,35.13
"421010202001, PA",421010202001,421010202001,33.28
"421010246001, PA",421010246001,421010246001,41.6
"421010321003, PA",421010321003,421010321003,65.06
"421010317004, PA",421010317004,421010317004,73.71
"421010288003, PA",421010288003,421010288003,78.06
"421010270001, PA",421010270001,421010270001,63.48
"421010338002, PA",421010338002,421010338002,56.84
"421010336004, PA",421010336004,421010336004,52.53
"421010302004, PA",421010302004,421010302004,49.33
"421010122011, PA",421010122011,421010122011,66.54
"421010336001, PA",421010336001,421010336001,58.4
"421010283004, PA",421010283004,421010283004,20.02
"421010298004, PA",421010298004,421010298004,67.3
"421010331024, PA",421010331024,421010331024,15
"421010248002, PA",421010248002,421010248002,6.87
"421010083011, PA",421010083011,421010083011,17.27
"421010203001, PA",421010203001,421010203001,16.49
"421010334001, PA",421010334001,421010334001,25.98
"421010160003, PA",421010160003,421010160003,25.59
"421010114001, PA",421010114001,421010114001,0
"421010074002, PA",421010074002,421010074002,31.4
"421010237001, PA",421010237001,421010237001,59.59
"421010299001, PA",421010299001,421010299001,55.88
"421010139002, PA",421010139002,421010139002,18.85
"421010367002, PA",421010367002,421010367002,58.42
"421010010023, PA",421010010023,421010010023,27.01
"421010122041, PA",421010122041,421010122041,44.92
"421010176023, PA",421010176023,421010176023,21.39
"421010029003, PA",421010029003,421010029003,47.46
"421010239001, PA",421010239001,421010239001,60.83
"421010153004, PA",421010153004,421010153004,61.35
"421010145001, PA",421010145001,421010145001,42.81
"421010313002, PA",421010313002,421010313002,73.53
"421010161002, PA",421010161002,421010161002,69.19
"421010388002, PA",421010388002,421010388002,32.39
"421010334003, PA",421010334003,421010334003,70.52
"421010168006, PA",421010168006,421010168006,0
"421010289022, PA",421010289022,421010289022,39.48
"421010318001, PA",421010318001,421010318001,73.56
"421010347022, PA",421010347022,421010347022,9.69
"421010280004, PA",421010280004,421010280004,8.28
"421010086021, PA",421010086021,421010086021,51.3
"421010290002, PA",421010290002,421010290002,59.57
"421010309001, PA",421010309001,421010309001,72.69
"421010363021, PA",421010363021,421010363021,66.32
"421010340003, PA",421010340003,421010340003,27.88
"421010306001, PA",421010306001,421010306001,50.14
"421010305021, PA",421010305021,421010305021,60.79
"421010372002, PA",421010372002,421010372002,42.66
"421010247005, PA",421010247005,421010247005,28.19
"421010087021, PA",421010087021,421010087021,66.26
"421010339001, PA",421010339001,421010339001,52.06
"421010342001, PA",421010342001,421010342001,47.31
"421010310003, PA",421010310003,421010310003,63.83
"421010341002, PA",421010341002,421010341002,32.18
"421010210001, PA",421010210001,421010210001,33.71
"421010111005, PA",421010111005,421010111005,8.95
"421010308002, PA",421010308002,421010308002,63.9
"421010307001, PA",421010307001,421010307001,59.96
"421010102002, PA",421010102002,421010102002,2.1
"421010301002, PA",421010301002,421010301002,48.1
"421010237003, PA",421010237003,421010237003,60.83
"421010290001, PA",421010290001,421010290001,51.21
"421010166001, PA",421010166001,421010166001,43.9
"421010152004, PA",421010152004,421010152004,23.05
"421010363032, PA",421010363032,421010363032,11.06
"421010107002, PA",421010107002,421010107002,33.01
"421010315022, PA",421010315022,421010315022,60.43
"421010010021, PA",421010010021,421010010021,31.09
"421010200002, PA",421010200002,421010200002,26.18
"421010390006, PA",421010390006,421010390006,46.1
"421010148001, PA",421010148001,421010148001,4.12
"421010195011, PA",421010195011,421010195011,32.3
"421010256002, PA",421010256002,421010256002,54.34
"421010298001, PA",421010298001,421010298001,67.91
"421010083013, PA",421010083013,421010083013,11.06
"421010138002, PA",421010138002,421010138002,36.02
"421010247003, PA",421010247003,421010247003,27.53
"421010312002, PA",421010312002,421010312002,73.71
"421010314012, PA",421010314012,421010314012,72.07
"421010236001, PA",421010236001,421010236001,35.9
"421010273003, PA",421010273003,421010273003,63.99
"421010341001, PA",421010341001,421010341001,16.94
"421010238004, PA",421010238004,421010238004,17.33
"421010338004, PA",421010338004,421010338004,54.4
"421010135004, PA",421010135004,421010135004,63
"421010180011, PA",421010180011,421010180011,30.01
"421010055002, PA",421010055002,421010055002,17.86
"421010326007, PA",421010326007,421010326007,48.23
"421010264006, PA",421010264006,421010264006,0
"421010042022, PA",421010042022,421010042022,64.65
"421010133002, PA",421010133002,421010133002,51.86
"421010263022, PA",421010263022,421010263022,17.27
"421010310002, PA",421010310002,421010310002,68.49
"421010098023, PA",421010098023,421010098023,22.42
"421010323001, PA",421010323001,421010323001,63.84
"421010273002, PA",421010273002,421010273002,57.12
"421010120001, PA",421010120001,421010120001,56.86
"421010335001, PA",421010335001,421010335001,65.71
"421010179004, PA",421010179004,421010179004,65.61
"421010336005, PA",421010336005,421010336005,30.26
"421010024005, PA",421010024005,421010024005,72.03
"421010174001, PA",421010174001,421010174001,29.8
"421010098012, PA",421010098012,421010098012,30.85
"421010299002, PA",421010299002,421010299002,60.92
"421010151022, PA",421010151022,421010151022,22.29
"421010300007, PA",421010300007,421010300007,71.76
"421010313003, PA",421010313003,421010313003,67.98
"421010254002, PA",421010254002,421010254002,31
"421010306006, PA",421010306006,421010306006,41.27
"421010156002, PA",421010156002,421010156002,46.26
"421010290004, PA",421010290004,421010290004,50.76
"421010301005, PA",421010301005,421010301005,66.14
"421010119002, PA",421010119002,421010119002,14.71
"421010211001, PA",421010211001,421010211001,42.67
"421010018002, PA",421010018002,421010018002,61.77
"421010104004, PA",421010104004,421010104004,16.47
"421010082006, PA",421010082006,421010082006,0
"421010174002, PA",421010174002,421010174002,27.99
"421010353013, PA",421010353013,421010353013,22.14
"421010287001, PA",421010287001,421010287001,40.14
"421010060002, PA",421010060002,421010060002,65.26
"421010133001, PA",421010133001,421010133001,66.18
"421010292003, PA",421010292003,421010292003,61.48
"421010192004, PA",421010192004,421010192004,48.87
"421010006001, PA",421010006001,421010006001,49.9
"421010306007, PA",421010306007,421010306007,69.11
"421010317002, PA",421010317002,421010317002,67.03
"421010271001, PA",421010271001,421010271001,36.72
"421010314021, PA",421010314021,421010314021,70.61
"421010121001, PA",421010121001,421010121001,57.26
"421010348033, PA",421010348033,421010348033,52.66
"421010066004, PA",421010066004,421010066004,55.83
"421010341006, PA",421010341006,421010341006,37.07
"421010310007, PA",421010310007,421010310007,66.33
"421010103001, PA",421010103001,421010103001,11.38
"421010287002, PA",421010287002,421010287002,52.36
"421010122012, PA",421010122012,421010122012,65.79
"421010191001, PA",421010191001,421010191001,53.39
"421010192002, PA",421010192002,421010192002,59.19
"421010215001, PA",421010215001,421010215001,8.07
"421010125002, PA",421010125002,421010125002,46.59
"421010119004, PA",421010119004,421010119004,25.71
"421010305024, PA",421010305024,421010305024,59.66
"421010015002, PA",421010015002,421010015002,62.51
"421010307002, PA",421010307002,421010307002,56.05
"421010244003, PA",421010244003,421010244003,18.46
"421010176013, PA",421010176013,421010176013,36.19
"421010261003, PA",421010261003,421010261003,2.31
"421010163002, PA",421010163002,421010163002,1.76
"421010104003, PA",421010104003,421010104003,11.16
"421010314022, PA",421010314022,421010314022,70.65
"421010281002, PA",421010281002,421010281002,2.51
"421010070003, PA",421010070003,421010070003,11.59
"421010195021, PA",421010195021,421010195021,1.49
"421010036002, PA",421010036002,421010036002,36.29
"421010218003, PA",421010218003,421010218003,76
"421010316007, PA",421010316007,421010316007,68.81
"421010246002, PA",421010246002,421010246002,8.67
"421010077002, PA",421010077002,421010077002,66.1
"421010301004, PA",421010301004,421010301004,54.99
"421010345011, PA",421010345011,421010345011,61.15
"421010074004, PA",421010074004,421010074004,20.66
"421010214005, PA",421010214005,421010214005,30.39
"421010240004, PA",421010240004,421010240004,63.55
"421010108001, PA",421010108001,421010108001,0
"421010020001, PA",421010020001,421010020001,52.76
"421010282001, PA",421010282001,421010282001,31.88
"421010312003, PA",421010312003,421010312003,67.18
"421010083022, PA",421010083022,421010083022,30.47
"421010212002, PA",421010212002,421010212002,37.3
"421010175006, PA",421010175006,421010175006,35.37
"421010276004, PA",421010276004,421010276004,15.07
"421010242001, PA",421010242001,421010242001,50.28
"421010383002, PA",421010383002,421010383002,34.22
"421010077001, PA",421010077001,421010077001,69.17
"421010310006, PA",421010310006,421010310006,51.83
"421010268002, PA",421010268002,421010268002,42.2
"421010284003, PA",421010284003,421010284003,47.84
"421010098021, PA",421010098021,421010098021,25.18
"421010108003, PA",421010108003,421010108003,41.43
"421010284004, PA",421010284004,421010284004,45.94
"421010036004, PA",421010036004,421010036004,33.4
"421010320001, PA",421010320001,421010320001,21.35
"421010090003, PA",421010090003,421010090003,67.57
"421010265002, PA",421010265002,421010265002,7.29
"421010315012, PA",421010315012,421010315012,36.12
"421010325002, PA",421010325002,421010325002,59.14
"421010388003, PA",421010388003,421010388003,60.17
"421010118005, PA",421010118005,421010118005,24.84
"421010271003, PA",421010271003,421010271003,62.44
"421010247004, PA",421010247004,421010247004,42.24
"421010092002, PA",421010092002,421010092002,56.92
"421010167023, PA",421010167023,421010167023,0
"421010264005, PA",421010264005,421010264005,16.1
"421010073004, PA",421010073004,421010073004,24.01
"421010169024, PA",421010169024,421010169024,19.58
"421010269001, PA",421010269001,421010269001,54.23
"421010106002, PA",421010106002,421010106002,7.07
"421010268003, PA",421010268003,421010268003,20.02
"421010300006, PA",421010300006,421010300006,48.04
"421010169023, PA",421010169023,421010169023,9.89
"421010012011, PA",421010012011,421010012011,31.8
"421010138001, PA",421010138001,421010138001,38.51
"421010305011, PA",421010305011,421010305011,66.4
"421010069002, PA",421010069002,421010069002,15.96
"421010119003, PA",421010119003,421010119003,0
"421010245004, PA",421010245004,421010245004,29.75
"421010255001, PA",421010255001,421010255001,61.21
"421010113001, PA",421010113001,421010113001,1.37
"421010168001, PA",421010168001,421010168001,1.21
"421010164004, PA",421010164004,421010164004,52.71
"421010072006, PA",421010072006,421010072006,31.7
"421010111004, PA",421010111004,421010111004,2.92
"421010021002, PA",421010021002,421010021002,50.28
"421010276003, PA",421010276003,421010276003,14.08
"421010175001, PA",421010175001,421010175001,46.75
"421010240001, PA",421010240001,421010240001,61.11
"421010329005, PA",421010329005,421010329005,33.99
"421010279021, PA",421010279021,421010279021,44.24
"421010329004, PA",421010329004,421010329004,35.28
"421010257003, PA",421010257003,421010257003,55.52
"421010039024, PA",421010039024,421010039024,12.18
"421010169022, PA",421010169022,421010169022,0
"421010300001, PA",421010300001,421010300001,70.23
"421010014003, PA",421010014003,421010014003,58.23
"421010278001, PA",421010278001,421010278001,16.96
"421010277001, PA",421010277001,421010277001,48.25
"421010180023, PA",421010180023,421010180023,4.07
"421010263023, PA",421010263023,421010263023,0
"421010202004, PA",421010202004,421010202004,23.35
"421010169011, PA",421010169011,421010169011,8.52
"421010201013, PA",421010201013,421010201013,6.78
"421010275003, PA",421010275003,421010275003,66.88
"421010132001, PA",421010132001,421010132001,55.79
"421010042021, PA",421010042021,421010042021,17.06
"421010164003, PA",421010164003,421010164003,57.87
"421010169012, PA",421010169012,421010169012,5.04
"421010027021, PA",421010027021,421010027021,40.57
"421010110001, PA",421010110001,421010110001,38.01
"421010288001, PA",421010288001,421010288001,31.12
"421010261002, PA",421010261002,421010261002,19.95
"421010114005, PA",421010114005,421010114005,4.86
"421010023002, PA",421010023002,421010023002,44.8
"421010244002, PA",421010244002,421010244002,32.57
"421010080004, PA",421010080004,421010080004,38.13
"421010007002, PA",421010007002,421010007002,60.87
"421010252001, PA",421010252001,421010252001,53.95
"421010032004, PA",421010032004,421010032004,8.84
"421010164001, PA",421010164001,421010164001,45.66
"421010178005, PA",421010178005,421010178005,39.53
"421010264001, PA",421010264001,421010264001,7.69
"421010345021, PA",421010345021,421010345021,52.98
"421010263021, PA",421010263021,421010263021,6.08
"421010178006, PA",421010178006,421010178006,61.15
"421010362014, PA",421010362014,421010362014,44
"421010019002, PA",421010019002,421010019002,56.81
"421010191006, PA",421010191006,421010191006,44.34
"421010202005, PA",421010202005,421010202005,11.67
"421010238005, PA",421010238005,421010238005,47.73
"421010197001, PA",421010197001,421010197001,40.32
"421010325001, PA",421010325001,421010325001,58.49
"421010242004, PA",421010242004,421010242004,43.2
"421010331011, PA",421010331011,421010331011,14.18
"421010204003, PA",421010204003,421010204003,9.3
"421010195022, PA",421010195022,421010195022,47.34
"421010302003, PA",421010302003,421010302003,67.61
"421010176014, PA",421010176014,421010176014,10.34
"421010299004, PA",421010299004,421010299004,66.8
"421010041022, PA",421010041022,421010041022,70.81
"421010149006, PA",421010149006,421010149006,17
"421010289011, PA",421010289011,421010289011,64.24
"421010210003, PA",421010210003,421010210003,8.54
"421010144003, PA",421010144003,421010144003,57.24
"421010274022, PA",421010274022,421010274022,51.72
"421010096001, PA",421010096001,421010096001,23.16
"421010069003, PA",421010069003,421010069003,10.41
"421010310001, PA",421010310001,421010310001,74.17
"421010011021, PA",421010011021,421010011021,19.93
"421010084004, PA",421010084004,421010084004,26.32
"421010074005, PA",421010074005,421010074005,27.27
"421010253001, PA",421010253001,421010253001,11.88
"421010252002, PA",421010252002,421010252002,21.6
"421010263011, PA",421010263011,421010263011,10.68
"421010119001, PA",421010119001,421010119001,15.38
"421010151023, PA",421010151023,421010151023,25.67
"421010085007, PA",421010085007,421010085007,27.33
"421010086011, PA",421010086011,421010086011,69.44
"421010306004, PA",421010306004,421010306004,62.53
"421010094002, PA",421010094002,421010094002,6.98
"421010204002, PA",421010204002,421010204002,26.58
"421010260003, PA",421010260003,421010260003,22.94
"421010310005, PA",421010310005,421010310005,72.22
"421010315023, PA",421010315023,421010315023,52.7
"421010024003, PA",421010024003,421010024003,44.1
"421010252007, PA",421010252007,421010252007,4.41
"421010274012, PA",421010274012,421010274012,69.71
"421010302005, PA",421010302005,421010302005,58.85
"421010280003, PA",421010280003,421010280003,17.79
"421010199003, PA",421010199003,421010199003,46.36
"421010158003, PA",421010158003,421010158003,6.22
"421010331012, PA",421010331012,421010331012,45.94
"421010177025, PA",421010177025,421010177025,48.32
"421010090004, PA",421010090004,421010090004,52.2
"421010326003, PA",421010326003,421010326003,55.38
"421010319002, PA",421010319002,421010319002,69.27
"421010137002, PA",421010137002,421010137002,44.37
"421010020002, PA",421010020002,421010020002,37.29
"421010262003, PA",421010262003,421010262003,4.55
"421010094004, PA",421010094004,421010094004,10.19
"421010188007, PA",421010188007,421010188007,62.39
"421010311024, PA",421010311024,421010311024,63.43
"421010101004, PA",421010101004,421010101004,57.82
"421010326004, PA",421010326004,421010326004,69.07
"421010238003, PA",421010238003,421010238003,63.5
"421010300003, PA",421010300003,421010300003,49.54
"421010115003, PA",421010115003,421010115003,25.12
"421010158005, PA",421010158005,421010158005,23.56
"421010337023, PA",421010337023,421010337023,45.72
"421010183002, PA",421010183002,421010183002,0
"421010019003, PA",421010019003,421010019003,69.76
"421010066003, PA",421010066003,421010066003,41.08
"421010253003, PA",421010253003,421010253003,31.62
"421010200001, PA",421010200001,421010200001,14.35
"421010081024, PA",421010081024,421010081024,7.93
"421010042012, PA",421010042012,421010042012,27.23
"421010338003, PA",421010338003,421010338003,0
"421010267004, PA",421010267004,421010267004,5.5
"421010318002, PA",421010318002,421010318002,71.28
"421010025001, PA",421010025001,421010025001,56.12
"421010213003, PA",421010213003,421010213003,34.81
"421010107004, PA",421010107004,421010107004,2.86
"421010088023, PA",421010088023,421010088023,53.01
"421010279014, PA",421010279014,421010279014,14.45
"421010039022, PA",421010039022,421010039022,2.69
"421010259001, PA",421010259001,421010259001,0
"421010300005, PA",421010300005,421010300005,6.36
"421010305025, PA",421010305025,421010305025,65.83
"421010158001, PA",421010158001,421010158001,22.16
"421010254001, PA",421010254001,421010254001,0.57
"421010010011, PA",421010010011,421010010011,20.32
"421010014001, PA",421010014001,421010014001,43.79
"421010210005, PA",421010210005,421010210005,16.83
"421010330005, PA",421010330005,421010330005,44.13
"421010118001, PA",421010118001,421010118001,13.08
"421010086012, PA",421010086012,421010086012,53.46
"421010135001, PA",421010135001,421010135001,6.17
"421010305023, PA",421010305023,421010305023,74.08
"421010242003, PA",421010242003,421010242003,10.91
"421010065005, PA",421010065005,421010065005,16.62
"421010031001, PA",421010031001,421010031001,46.82
"421010177024, PA",421010177024,421010177024,15.75
"421010326001, PA",421010326001,421010326001,63.26
"421010275002, PA",421010275002,421010275002,50.2
"421010042014, PA",421010042014,421010042014,53.92
"421010025004, PA",421010025004,421010025004,72.97
"421010305013, PA",421010305013,421010305013,45.45
"421010319001, PA",421010319001,421010319001,63.66
"421010314011, PA",421010314011,421010314011,74.7
"421010067005, PA",421010067005,421010067005,32.45
"421010178007, PA",421010178007,421010178007,63.8
"421010306005, PA",421010306005,421010306005,60.58
"421010098011, PA",421010098011,421010098011,35.27
"421010175003, PA",421010175003,421010175003,42.11
"421010183004, PA",421010183004,421010183004,0
"421010084006, PA",421010084006,421010084006,0
"421010315014, PA",421010315014,421010315014,64.02
"421010160006, PA",421010160006,421010160006,30.87
"421010176015, PA",421010176015,421010176015,19.23
"421010080001, PA",421010080001,421010080001,50.49
"421010311021, PA",421010311021,421010311021,56.2
"421010319003, PA",421010319003,421010319003,58.04
"421010109001, PA",421010109001,421010109001,27.6
"421010267005, PA",421010267005,421010267005,0
"421010093005, PA",421010093005,421010093005,1.2
"421010100001, PA",421010100001,421010100001,16.94
"421010331022, PA",421010331022,421010331022,28.16
"421010242002, PA",421010242002,421010242002,11.42
"421010175002, PA",421010175002,421010175002,35.08
"421010163001, PA",421010163001,421010163001,59.34
"421010192005, PA",421010192005,421010192005,36.42
"421010017001, PA",421010017001,421010017001,38.73
"421010195012, PA",421010195012,421010195012,13.2
"421010176021, PA",421010176021,421010176021,43.06
"421010337024, PA",421010337024,421010337024,55.29
"421010214004, PA",421010214004,421010214004,15.47
"421010308001, PA",421010308001,421010308001,63.08
"421010253004, PA",421010253004,421010253004,26.26
"421010244001, PA",421010244001,421010244001,26
"421010319004, PA",421010319004,421010319004,64.69
"421010039013, PA",421010039013,421010039013,13.44
"421010278002, PA",421010278002,421010278002,20.49
"421010331014, PA",421010331014,421010331014,30.05
"421010039011, PA",421010039011,421010039011,59.5
"421010145002, PA",421010145002,421010145002,43.98
"421010067002, PA",421010067002,421010067002,32.92
"421010209001, PA",421010209001,421010209001,9.96
"421010201024, PA",421010201024,421010201024,2.42
"421010306003, PA",421010306003,421010306003,56.91
"421010188004, PA",421010188004,421010188004,73.65
"421010316004, PA",421010316004,421010316004,55.14
"421010213005, PA",421010213005,421010213005,12.25
"421010083012, PA",421010083012,421010083012,16.88
"421010041021, PA",421010041021,421010041021,68.94
"421010274024, PA",421010274024,421010274024,60.61
"421010379002, PA",421010379002,421010379002,0
"421010247001, PA",421010247001,421010247001,11.71
"421010103002, PA",421010103002,421010103002,31.49
"421010072002, PA",421010072002,421010072002,0
"421010169021, PA",421010169021,421010169021,6.51
"421010201023, PA",421010201023,421010201023,8.98
"421010106001, PA",421010106001,421010106001,55.05
"421010253002, PA",421010253002,421010253002,17.67
"421010323002, PA",421010323002,421010323002,48.85
"421010039014, PA",421010039014,421010039014,64.13
"421010199002, PA",421010199002,421010199002,45.95
"421010008011, PA",421010008011,421010008011,49.11
"421010249004, PA",421010249004,421010249004,7.24
"421010079002, PA",421010079002,421010079002,40.02
"421010252005, PA",421010252005,421010252005,15.33
"421010260002, PA",421010260002,421010260002,16.03
"421010379005, PA",421010379005,421010379005,5.58
"421010180021, PA",421010180021,421010180021,7.61
"421010263013, PA",421010263013,421010263013,2.48
"421010286006, PA",421010286006,421010286006,51.01
"421010110003, PA",421010110003,421010110003,23.84
"421010315011, PA",421010315011,421010315011,35.77
"421010070005, PA",421010070005,421010070005,6.54
"421010029001, PA",421010029001,421010029001,62.17
"421010157001, PA",421010157001,421010157001,49.15
"421010286005, PA",421010286005,421010286005,56.87
"421010118002, PA",421010118002,421010118002,9.45
"421010041014, PA",421010041014,421010041014,71.43
"421010313004, PA",421010313004,421010313004,74.46
"421010291004, PA",421010291004,421010291004,69.27
"421010110004, PA",421010110004,421010110004,10.5
"421010213002, PA",421010213002,421010213002,41.13
"421010140003, PA",421010140003,421010140003,71.05
"421010102003, PA",421010102003,421010102003,14.49
"421010331013, PA",421010331013,421010331013,6.79
"421010064001, PA",421010064001,421010064001,51.01
"421010259005, PA",421010259005,421010259005,12.65
"421010110002, PA",421010110002,421010110002,20.3
"421010199001, PA",421010199001,421010199001,14.82
"421010274023, PA",421010274023,421010274023,56.08
"421010331023, PA",421010331023,421010331023,44.24
"421010147001, PA",421010147001,421010147001,30.35
"421010210002, PA",421010210002,421010210002,16.37
"421010315015, PA",421010315015,421010315015,22.94
"421010252003, PA",421010252003,421010252003,30.69
"421010016001, PA",421010016001,421010016001,28.92
"421010314015, PA",421010314015,421010314015,65.79
"421010266006, PA",421010266006,421010266006,0
"421010088011, PA",421010088011,421010088011,56.88
"421010305012, PA",421010305012,421010305012,67.92
"421010010012, PA",421010010012,421010010012,32.13
"421010248001, PA",421010248001,421010248001,4.12
"421010179002, PA",421010179002,421010179002,32.63
"421010301001, PA",421010301001,421010301001,22.03
"421010091003, PA",421010091003,421010091003,48.56
"421010064002, PA",421010064002,421010064002,33.75
"421010039023, PA",421010039023,421010039023,0
"421010017002, PA",421010017002,421010017002,37.8
"421010037021, PA",421010037021,421010037021,72.57
"421010311013, PA",421010311013,421010311013,67.59
"421010113002, PA",421010113002,421010113002,0
"421010279013, PA",421010279013,421010279013,27.78
"421010238001, PA",421010238001,421010238001,64.19
"421010108002, PA",421010108002,421010108002,17.19
"421010265006, PA",421010265006,421010265006,8.27
"421010134023, PA",421010134023,421010134023,37.87
"421010134012, PA",421010134012,421010134012,24.91
"421010180012, PA",421010180012,421010180012,27
"421010300004, PA",421010300004,421010300004,46.31
"421010085005, PA",421010085005,421010085005,21.99
"421010207002, PA",421010207002,421010207002,39.3
"421010088022, PA",421010088022,421010088022,66.3
"421010175005, PA",421010175005,421010175005,51.39
"421010281003, PA",421010281003,421010281003,32.89
"421010078004, PA",421010078004,421010078004,36.3
"421010279012, PA",421010279012,421010279012,21.65
"421010173001, PA",421010173001,421010173001,11.8
"421010177011, PA",421010177011,421010177011,60.27
"421010266007, PA",421010266007,421010266007,6.13
"421010180022, PA",421010180022,421010180022,34.8
"421010105001, PA",421010105001,421010105001,0
"421010024002, PA",421010024002,421010024002,47.58
"421010264003, PA",421010264003,421010264003,33.92
"421010245001, PA",421010245001,421010245001,12.98
"421010202006, PA",421010202006,421010202006,10.06
"421010274013, PA",421010274013,421010274013,18.36
"421010033001, PA",421010033001,421010033001,42.42
"421010302002, PA",421010302002,421010302002,64.42
"421010321002, PA",421010321002,421010321002,65.4
"421010283003, PA",421010283003,421010283003,2.82
"421010191002, PA",421010191002,421010191002,47.99
"421010067004, PA",421010067004,421010067004,37.27
"421010190004, PA",421010190004,421010190004,33.24
"421010180013, PA",421010180013,421010180013,6.28
"421010095003, PA",421010095003,421010095003,15.95
"421010190001, PA",421010190001,421010190001,46.84
"421010071013, PA",421010071013,421010071013,12.91
"421010022003, PA",421010022003,421010022003,62.2
"421010041011, PA",421010041011,421010041011,75.7
"421010188005, PA",421010188005,421010188005,64.76
"421010213004, PA",421010213004,421010213004,18.58
"421010025002, PA",421010025002,421010025002,18.87
"421010087013, PA",421010087013,421010087013,74.11
"421010151012, PA",421010151012,421010151012,9.83
"421010060003, PA",421010060003,421010060003,0
"421010179001, PA",421010179001,421010179001,32.26
"421010320005, PA",421010320005,421010320005,61.46
"421010253005, PA",421010253005,421010253005,23.04
"421010274011, PA",421010274011,421010274011,67.95
"421010188003, PA",421010188003,421010188003,49.65
"421010037013, PA",421010037013,421010037013,27.45
"421010074003, PA",421010074003,421010074003,27.09
"421010143002, PA",421010143002,421010143002,39.77
"421010306002, PA",421010306002,421010306002,53.67
"421010153001, PA",421010153001,421010153001,50.76
"421010316006, PA",421010316006,421010316006,20.96
"421010115002, PA",421010115002,421010115002,22.44
"421010314013, PA",421010314013,421010314013,73.15
"421010078001, PA",421010078001,421010078001,66.26
"421010294001, PA",421010294001,421010294001,40.12
"421010259003, PA",421010259003,421010259003,0
"421010095004, PA",421010095004,421010095004,0
"421010320002, PA",421010320002,421010320002,60.61
"421010310004, PA",421010310004,421010310004,57.92
"421010040023, PA",421010040023,421010040023,16.26
"421010153003, PA",421010153003,421010153003,48.78
"421010172013, PA",421010172013,421010172013,31.87
"421010081011, PA",421010081011,421010081011,16.22
"421010311014, PA",421010311014,421010311014,68.9
"421010198006, PA",421010198006,421010198006,21.39
"421010151011, PA",421010151011,421010151011,32.71
"421010188001, PA",421010188001,421010188001,53.49
"421010311023, PA",421010311023,421010311023,57.31
"421010390004, PA",421010390004,421010390004,55.94
"421010254003, PA",421010254003,421010254003,57.82
"421010284001, PA",421010284001,421010284001,36.74
"421010209004, PA",421010209004,421010209004,22.18
"421010161003, PA",421010161003,421010161003,67.31
"421010267003, PA",421010267003,421010267003,4.73
"421010167013, PA",421010167013,421010167013,1.67
"421010191003, PA",421010191003,421010191003,67.24
"421010073003, PA",421010073003,421010073003,31.58
"421010088024, PA",421010088024,421010088024,58.98
"421010172011, PA",421010172011,421010172011,23.83
"421010315013, PA",421010315013,421010315013,38.64
"421010140002, PA",421010140002,421010140002,42.02
"421010326006, PA",421010326006,421010326006,57.87
"421010152003, PA",421010152003,421010152003,19.1
"421010213001, PA",421010213001,421010213001,9.18
"421010243001, PA",421010243001,421010243001,33.62
"421010080002, PA",421010080002,421010080002,66.37
"421010067006, PA",421010067006,421010067006,48.52
"421010177021, PA",421010177021,421010177021,29.42
"421010072001, PA",421010072001,421010072001,3.31
"421010317001, PA",421010317001,421010317001,76.86
"421010082003, PA",421010082003,421010082003,0
"421010305022, PA",421010305022,421010305022,61.85
"421010298002, PA",421010298002,421010298002,66.45
"421010243003, PA",421010243003,421010243003,28.81
"421010040024, PA",421010040024,421010040024,23.62
"421010149001, PA",421010149001,421010149001,7.66
"421010160007, PA",421010160007,421010160007,28.22
"421010101005, PA",421010101005,421010101005,0
"421010028025, PA",421010028025,421010028025,52.7
"421010101006, PA",421010101006,421010101006,18.91
"421010320003, PA",421010320003,421010320003,29.16
"421010209002, PA",421010209002,421010209002,28.66
"421010040013, PA",421010040013,421010040013,42.1
"421010277003, PA",421010277003,421010277003,4.32
"421010136022, PA",421010136022,421010136022,32.69
"421010262002, PA",421010262002,421010262002,4.27
"421010161004, PA",421010161004,421010161004,61.01
"421010162001, PA",421010162001,421010162001,27.66
"421010079003, PA",421010079003,421010079003,74.34
"421010021001, PA",421010021001,421010021001,41.06
"421010277006, PA",421010277006,421010277006,30.7
"421010167012, PA",421010167012,421010167012,4.08
"421010071022, PA",421010071022,421010071022,0
"421010081012, PA",421010081012,421010081012,20.02
"421010286002, PA",421010286002,421010286002,64.15
"421010071023, PA",421010071023,421010071023,18.31
"421010144001, PA",421010144001,421010144001,64.79
"421010136012, PA",421010136012,421010136012,43.96
"421010083021, PA",421010083021,421010083021,2.55
"421010016002, PA",421010016002,421010016002,19.25
"421010112004, PA",421010112004,421010112004,0
"421010082007, PA",421010082007,421010082007,21.88
"421010177022, PA",421010177022,421010177022,39.8
"421010190002, PA",421010190002,421010190002,63.37
"421010078005, PA",421010078005,421010078005,56.84
"421010283007, PA",421010283007,421010283007,37.65
"421010316005, PA",421010316005,421010316005,33.18
"421010079001, PA",421010079001,421010079001,55.35
"421010316001, PA",421010316001,421010316001,64.74
"421010041013, PA",421010041013,421010041013,71.69
"421010320007, PA",421010320007,421010320007,60.78
"421010083024, PA",421010083024,421010083024,2.53
"421010259004, PA",421010259004,421010259004,34.18
"421010083023, PA",421010083023,421010083023,31.01
"421010085003, PA",421010085003,421010085003,36.95
"421010067003, PA",421010067003,421010067003,17.14
"421010298003, PA",421010298003,421010298003,57.68
"421010171001, PA",421010171001,421010171001,0
"421010195013, PA",421010195013,421010195013,27.16
"421010085001, PA",421010085001,421010085001,10.55
"421010160005, PA",421010160005,421010160005,26.04
"421010079004, PA",421010079004,421010079004,55.26
"421010316003, PA",421010316003,421010316003,70.34
"421010289023, PA",421010289023,421010289023,59.1
"421010271002, PA",421010271002,421010271002,56.87
"421010311011, PA",421010311011,421010311011,69.43
"421010111003, PA",421010111003,421010111003,12.64
"421010109003, PA",421010109003,421010109003,51.39
"421010142001, PA",421010142001,421010142001,42.6
"421010033005, PA",421010033005,421010033005,66.53
"421010279011, PA",421010279011,421010279011,7.66
"421010087012, PA",421010087012,421010087012,76.11
"421010149003, PA",421010149003,421010149003,15.75
"421010087022, PA",421010087022,421010087022,70.38
"421010202002, PA",421010202002,421010202002,0
"421010326002, PA",421010326002,421010326002,22.11
"421010146002, PA",421010146002,421010146002,23.63
"421010301003, PA",421010301003,421010301003,66.39
"421010314014, PA",421010314014,421010314014,77.2
"421010178002, PA",421010178002,421010178002,65.82
"421010071012, PA",421010071012,421010071012,9.64
"421010160002, PA",421010160002,421010160002,38.58
"421010263012, PA",421010263012,421010263012,1.78
"421010249001, PA",421010249001,421010249001,0
"421010108004, PA",421010108004,421010108004,38.51
"421010329003, PA",421010329003,421010329003,58.28
"421010086022, PA",421010086022,421010086022,23.44
"421010252004, PA",421010252004,421010252004,2.51
"421010272001, PA",421010272001,421010272001,27.3
"421010090002, PA",421010090002,421010090002,55.17
"421010037014, PA",421010037014,421010037014,21.33
"421010300002, PA",421010300002,421010300002,40.55
"421010288002, PA",421010288002,421010288002,70.3
"421010320006, PA",421010320006,421010320006,50.73
"421010028022, PA",421010028022,421010028022,34.58
"421010009021, PA",421010009021,421010009021,53.9
"421010093003, PA",421010093003,421010093003,1.71
"421010101002, PA",421010101002,421010101002,12.44
"421010176012, PA",421010176012,421010176012,6.04
"421010082001, PA",421010082001,421010082001,0.94
"421010284002, PA",421010284002,421010284002,26.58
"421010180024, PA",421010180024,421010180024,24.23
"421010071021, PA",421010071021,421010071021,7.09
"421010175004, PA",421010175004,421010175004,34.93
"421010061002, PA",421010061002,421010061002,60.22
"421010267007, PA",421010267007,421010267007,0
"421010277002, PA",421010277002,421010277002,0.83
"421010027023, PA",421010027023,421010027023,36.46
"421010113003, PA",421010113003,421010113003,0
"421010330006, PA",421010330006,421010330006,28.06
"421010032005, PA",421010032005,421010032005,25.77
"421010330003, PA",421010330003,421010330003,50.26
"421010040022, PA",421010040022,421010040022,29.65
"421010192003, PA",421010192003,421010192003,45.61
"421010390005, PA",421010390005,421010390005,55.1
"421010086023, PA",421010086023,421010086023,55.33
"421010060005, PA",421010060005,421010060005,25.59
"421010280001, PA",421010280001,421010280001,20.12
"421010172022, PA",421010172022,421010172022,11.76
"421010084001, PA",421010084001,421010084001,29.16
"421010071025, PA",421010071025,421010071025,6
"421010037022, PA",421010037022,421010037022,63.21
"421010390007, PA",421010390007,421010390007,57.98
"421010176011, PA",421010176011,421010176011,38.64
"421010267001, PA",421010267001,421010267001,0
"421010289024, PA",421010289024,421010289024,38.95
"421010275004, PA",421010275004,421010275004,19.46
"421010115001, PA",421010115001,421010115001,7.71
"421010263014, PA",421010263014,421010263014,9.05
"421010172021, PA",421010172021,421010172021,25.85
"421010312001, PA",421010312001,421010312001,53.91
"421010033004, PA",421010033004,421010033004,13.32
"421010177012, PA",421010177012,421010177012,52.11
"421010012012, PA",421010012012,421010012012,39.47
"421010313005, PA",421010313005,421010313005,55.19
"421010273004, PA",421010273004,421010273004,41.18
"421010165002, PA",421010165002,421010165002,29.01
"421010136011, PA",421010136011,421010136011,26.75
"421010112002, PA",421010112002,421010112002,10.13
"421010080003, PA",421010080003,421010080003,29.16
"421010274025, PA",421010274025,421010274025,56
"421010032003, PA",421010032003,421010032003,6.13
"421010264004, PA",421010264004,421010264004,9.76
"421010101003, PA",421010101003,421010101003,2.44
"421010032001, PA",421010032001,421010032001,48.42
"421010093004, PA",421010093004,421010093004,1.94
"421010062001, PA",421010062001,421010062001,2.24
"421010108005, PA",421010108005,421010108005,2.28
"421010249002, PA",421010249002,421010249002,0
"421010274021, PA",421010274021,421010274021,72.09
"421010082004, PA",421010082004,421010082004,9.04
"421010330007, PA",421010330007,421010330007,44.68
"421010316002, PA",421010316002,421010316002,68.63
"421010085006, PA",421010085006,421010085006,23.39
"421010267006, PA",421010267006,421010267006,0
"421010088012, PA",421010088012,421010088012,71.69
"421010176022, PA",421010176022,421010176022,15.44
"421010039012, PA",421010039012,421010039012,43.85
"421010039021, PA",421010039021,421010039021,23.39
"421010378003, PA",421010378003,421010378003,38.78
"421010178001, PA",421010178001,421010178001,68.8
"421010038001, PA",421010038001,421010038001,1.06
"421010041012, PA",421010041012,421010041012,46.82
"421010107001, PA",421010107001,421010107001,5.37
"421010041024, PA",421010041024,421010041024,53.36
"421010040021, PA",421010040021,421010040021,38.02
"421010286003, PA",421010286003,421010286003,51.44
"421010192006, PA",421010192006,421010192006,38.97
"421010134021, PA",421010134021,421010134021,43.14
"421010040012, PA",421010040012,421010040012,40.71
"421010264007, PA",421010264007,421010264007,20.48
"421010112005, PA",421010112005,421010112005,6.03
"421010204004, PA",421010204004,421010204004,13.69
"421010276002, PA",421010276002,421010276002,2.35
"421010096004, PA",421010096004,421010096004,11.58
"421010065001, PA",421010065001,421010065001,4.41
"421010087011, PA",421010087011,421010087011,44.38
"421010096005, PA",421010096005,421010096005,8.81
"421010012024, PA",421010012024,421010012024,49.15
"421010027012, PA",421010027012,421010027012,65.42
"421010027011, PA",421010027011,421010027011,65.36
"421010032006, PA",421010032006,421010032006,58.88
"421010027013, PA",421010027013,421010027013,68.97
"421010265004, PA",421010265004,421010265004,23.92
"421010071024, PA",421010071024,421010071024,40.05
"421010033006, PA",421010033006,421010033006,12.81
"421010101001, PA",421010101001,421010101001,12.05
"421010040011, PA",421010040011,421010040011,29.1
"421010201012, PA",421010201012,421010201012,17.03
"421010065003, PA",421010065003,421010065003,11.92
"421010095001, PA",421010095001,421010095001,42.38
"421010028013, PA",421010028013,421010028013,69.12
"421010028011, PA",421010028011,421010028011,67.14
"421010038004, PA",421010038004,421010038004,23.91
"421010028012, PA",421010028012,421010028012,66.38
"421010313001, PA",421010313001,421010313001,69.98
"421010197006, PA",421010197006,421010197006,49.84
"421010265001, PA",421010265001,421010265001,9.52
"421010201022, PA",421010201022,421010201022,41.03
"421010172012, PA",421010172012,421010172012,31.53
"421010063002, PA",421010063002,421010063002,70.18
"421010114002, PA",421010114002,421010114002,5.75
"421010167024, PA",421010167024,421010167024,36.38
"421010326005, PA",421010326005,421010326005,65.4
"421010114004, PA",421010114004,421010114004,7.59
"421010309002, PA",421010309002,421010309002,62.53
"421010040014, PA",421010040014,421010040014,42.59
"421010379004, PA",421010379004,421010379004,18.99
"421010085002, PA",421010085002,421010085002,24.16
"421010015001, PA",421010015001,421010015001,41.49
"421010078003, PA",421010078003,421010078003,55.31
"421010137003, PA",421010137003,421010137003,6.67
"421010007003, PA",421010007003,421010007003,67
"421010074001, PA",421010074001,421010074001,45.63
"421010188006, PA",421010188006,421010188006,50.9
"421010214002, PA",421010214002,421010214002,43.94
"421010066002, PA",421010066002,421010066002,4.21
"421010027024, PA",421010027024,421010027024,7.87
"421010100002, PA",421010100002,421010100002,33.46
"421010195023, PA",421010195023,421010195023,51.43
"421010008041, PA",421010008041,421010008041,30.73
"421010009022, PA",421010009022,421010009022,37.13
"421010201021, PA",421010201021,421010201021,8.84
"421010265003, PA",421010265003,421010265003,2.93
"421010197004, PA",421010197004,421010197004,49.94
"421010070001, PA",421010070001,421010070001,0
"421010093002, PA",421010093002,421010093002,11.23
"421010172024, PA",421010172024,421010172024,19.04
"421010277005, PA",421010277005,421010277005,0.59
"421010065004, PA",421010065004,421010065004,0
"421010390002, PA",421010390002,421010390002,30
"421010027022, PA",421010027022,421010027022,9.71
"421010023001, PA",421010023001,421010023001,62.09
"421010011022, PA",421010011022,421010011022,44.84
"421010091001, PA",421010091001,421010091001,65.85
"421010112003, PA",421010112003,421010112003,0
"421010063003, PA",421010063003,421010063003,19.08
"421010088021, PA",421010088021,421010088021,61.07
"421010267002, PA",421010267002,421010267002,18.42
"421010114003, PA",421010114003,421010114003,0
"421010010022, PA",421010010022,421010010022,5.93
"421010286004, PA",421010286004,421010286004,50.55
"421010131002, PA",421010131002,421010131002,49.76
"421010038003, PA",421010038003,421010038003,20.59
"421010283001, PA",421010283001,421010283001,42.06
"421010167011, PA",421010167011,421010167011,23.52
"421010153002, PA",421010153002,421010153002,51.22
"421010259002, PA",421010259002,421010259002,4.47
"421010320004, PA",421010320004,421010320004,55.3
"421010024004, PA",421010024004,421010024004,66.51
"421010073002, PA",421010073002,421010073002,12.46
"421010073001, PA",421010073001,421010073001,3.14
"421010013003, PA",421010013003,421010013003,66.25
"421010157002, PA",421010157002,421010157002,56.86
"421010214003, PA",421010214003,421010214003,38.45
"421010283002, PA",421010283002,421010283002,0
"421010104001, PA",421010104001,421010104001,12.47
"421010031006, PA",421010031006,421010031006,23.18
"421010283005, PA",421010283005,421010283005,55.68
"421010158004, PA",421010158004,421010158004,10.54
"421010071011, PA",421010071011,421010071011,3.69
"421010202003, PA",421010202003,421010202003,0
"421010318003, PA",421010318003,421010318003,55.23
"421010167021, PA",421010167021,421010167021,25.63
"421010299003, PA",421010299003,421010299003,62.45
"421010115004, PA",421010115004,421010115004,14.57
"421010031005, PA",421010031005,421010031005,28.13
"421010158002, PA",421010158002,421010158002,1.35
"421010118006, PA",421010118006,421010118006,42.93
"421010062002, PA",421010062002,421010062002,28.22
"421010082002, PA",421010082002,421010082002,4.95
"421010090001, PA",421010090001,421010090001,34.63
"421010266008, PA",421010266008,421010266008,0
"421010198004, PA",421010198004,421010198004,52.47
"421010158006, PA",421010158006,421010158006,11.94
"421010078002, PA",421010078002,421010078002,58.93
"421010152001, PA",421010152001,421010152001,3.68
"421010168003, PA",421010168003,421010168003,25.31
"421010107003, PA",421010107003,421010107003,9.48
"421010112007, PA",421010112007,421010112007,6.15
"421010041023, PA",421010041023,421010041023,33.16
"421010166002, PA",421010166002,421010166002,59.17
"421010318004, PA",421010318004,421010318004,50.81
"421010298005, PA",421010298005,421010298005,62.87
"421010204001, PA",421010204001,421010204001,15.61
"421010277004, PA",421010277004,421010277004,22.51
"421010265005, PA",421010265005,421010265005,1.33
"421010139001, PA",421010139001,421010139001,5.65
"421010022001, PA",421010022001,421010022001,63.54
"421010018001, PA",421010018001,421010018001,16.41
"421010012022, PA",421010012022,421010012022,23.84
"421010379001, PA",421010379001,421010379001,0
"421010062003, PA",421010062003,421010062003,6.58
"421010012013, PA",421010012013,421010012013,33.57
"421010012021, PA",421010012021,421010012021,41.71
"421010019001, PA",421010019001,421010019001,52.27
"421010119005, PA",421010119005,421010119005,0
"421010259006, PA",421010259006,421010259006,4.41
"421010160001, PA",421010160001,421010160001,13.07
"421010137004, PA",421010137004,421010137004,52.81
"421010084002, PA",421010084002,421010084002,16.55
"421010313006, PA",421010313006,421010313006,67.8
"421010264002, PA",421010264002,421010264002,0
"421010022002, PA",421010022002,421010022002,61.95
"421010112006, PA",421010112006,421010112006,4.81
"421010171002, PA",421010171002,421010171002,1.88
"421010266002, PA",421010266002,421010266002,5.68
"421010168004, PA",421010168004,421010168004,9.34
"421010030021, PA",421010030021,421010030021,53.1
"421010070002, PA",421010070002,421010070002,22.53
"421010028021, PA",421010028021,421010028021,66.71
"421010311012, PA",421010311012,421010311012,59.22
"421010028024, PA",421010028024,421010028024,14.91
"421010160004, PA",421010160004,421010160004,0
"421010283006, PA",421010283006,421010283006,24.03
"421010100003, PA",421010100003,421010100003,24.61
"421010031004, PA",421010031004,421010031004,32.96
"421010042024, PA",421010042024,421010042024,54.64
"421010081025, PA",421010081025,421010081025,20.07
"421010042023, PA",421010042023,421010042023,33.93
"421010104002, PA",421010104002,421010104002,8.2
"421010262001, PA",421010262001,421010262001,10.41
"421010037023, PA",421010037023,421010037023,58.67
"421010037015, PA",421010037015,421010037015,29.96
"421010028023, PA",421010028023,421010028023,50.07
"421010197002, PA",421010197002,421010197002,52.46
"421010096003, PA",421010096003,421010096003,16.49
"421010012014, PA",421010012014,421010012014,18
"421010085004, PA",421010085004,421010085004,5.32
"421010037011, PA",421010037011,421010037011,53.52
"421010330001, PA",421010330001,421010330001,16.15
"421010273005, PA",421010273005,421010273005,58.42
"421010118004, PA",421010118004,421010118004,0
"421010084005, PA",421010084005,421010084005,22.56
"421010134011, PA",421010134011,421010134011,10.22
"421010177013, PA",421010177013,421010177013,25.49
"421010177023, PA",421010177023,421010177023,68.11
"421010172023, PA",421010172023,421010172023,0
"421010163003, PA",421010163003,421010163003,27.88
"421010188002, PA",421010188002,421010188002,65.82
"421010137001, PA",421010137001,421010137001,33.44
"421010136023, PA",421010136023,421010136023,56.53
"421010096002, PA",421010096002,421010096002,0
"421010311022, PA",421010311022,421010311022,30.21
"421010081022, PA",421010081022,421010081022,0
"421010178003, PA",421010178003,421010178003,60.99
"421010042013, PA",421010042013,421010042013,19.63
"421010134022, PA",421010134022,421010134022,55.87
"421010390008, PA",421010390008,421010390008,62.41
"421010112001, PA",421010112001,421010112001,23.49
"421010070004, PA",421010070004,421010070004,0
"421010081023, PA",421010081023,421010081023,0
"421010012023, PA",421010012023,421010012023,38.1
"421010372003, PA",421010372003,421010372003,1.66
"421010094001, PA",421010094001,421010094001,3.85
"421010101007, PA",421010101007,421010101007,15.81
"421010197003, PA",421010197003,421010197003,50.24
"421010081013, PA",421010081013,421010081013,0
"421010146003, PA",421010146003,421010146003,31.08
"421010167022, PA",421010167022,421010167022,3.88
"421010042011, PA",421010042011,421010042011,9.46
"421010330002, PA",421010330002,421010330002,0
"421010081021, PA",421010081021,421010081021,1.33
"421010030024, PA",421010030024,421010030024,71.11
"421010240003, PA",421010240003,421010240003,0
"421010025003, PA",421010025003,421010025003,53.55
"421010030023, PA",421010030023,421010030023,37.83
"421010033003, PA",421010033003,421010033003,26.95
"421010013002, PA",421010013002,421010013002,54.19
"421010317003, PA",421010317003,421010317003,71.46
"421010008033, PA",421010008033,421010008033,30.27
"421010102001, PA",421010102001,421010102001,0
"421010013001, PA",421010013001,421010013001,58.95
"421010266004, PA",421010266004,421010266004,27.09
"421010024001, PA",421010024001,421010024001,34.59
"421010266003, PA",421010266003,421010266003,11.57
"421010266005, PA",421010266005,421010266005,21.8
"421010009011, PA",421010009011,421010009011,46.7
"421010164002, PA",421010164002,421010164002,30.03
"421010179003, PA",421010179003,421010179003,65.73
"421010011013, PA",421010011013,421010011013,28.77
"421010093001, PA",421010093001,421010093001,0
"421010011012, PA",421010011012,421010011012,44.54
"421010072005, PA",421010072005,421010072005,9.71
"421010072004, PA",421010072004,421010072004,26.87
"421010030012, PA",421010030012,421010030012,54.86
"421010029002, PA",421010029002,421010029002,43.21
"421010289013, PA",421010289013,421010289013,44.93
"421010162003, PA",421010162003,421010162003,34.45
"421010009012, PA",421010009012,421010009012,57.78
"421010249003, PA",421010249003,421010249003,24.31
"421010037012, PA",421010037012,421010037012,66.7
"421010030014, PA",421010030014,421010030014,62.13
"421010094003, PA",421010094003,421010094003,34.21
"421010135002, PA",421010135002,421010135002,33.42
"421010377003, PA",421010377003,421010377003,40.52
"421010168005, PA",421010168005,421010168005,6.62
"421010390003, PA",421010390003,421010390003,49.97
"421010030022, PA",421010030022,421010030022,34.56
"421010149005, PA",421010149005,421010149005,7.79
"421010013004, PA",421010013004,421010013004,51.54
"421010136021, PA",421010136021,421010136021,38.72
"421010095002, PA",421010095002,421010095002,12.95
"421010165001, PA",421010165001,421010165001,0
"421010197005, PA",421010197005,421010197005,43.28
"421010014002, PA",421010014002,421010014002,41.16
"421010198005, PA",421010198005,421010198005,39.69
"421010135003, PA",421010135003,421010135003,42.26
"421010030013, PA",421010030013,421010030013,72.85
"421010289025, PA",421010289025,421010289025,39.11
"421010149004, PA",421010149004,421010149004,55.76
"421010152005, PA",421010152005,421010152005,0
"421010168002, PA",421010168002,421010168002,19.47
"421010198003, PA",421010198003,421010198003,53.72
"421010149002, PA",421010149002,421010149002,15.78
"421010063001, PA",421010063001,421010063001,52
"421010198002, PA",421010198002,421010198002,49.99
"421010084003, PA",421010084003,421010084003,16.63
"421010178004, PA",421010178004,421010178004,46.72
"421010008032, PA",421010008032,421010008032,39.58
"421010030015, PA",421010030015,421010030015,75.32
"421010012025, PA",421010012025,421010012025,14.3
"421010109002, PA",421010109002,421010109002,45.61
"421010192001, PA",421010192001,421010192001,53.82
"421010072003, PA",421010072003,421010072003,5.88
"421010008043, PA",421010008043,421010008043,34.69
"421010004021, PA",421010004021,421010004021,14.75
"421010007001, PA",421010007001,421010007001,47.51
"421010032002, PA",421010032002,421010032002,11.38
"421010031003, PA",421010031003,421010031003,59.14
"421010031002, PA",421010031002,421010031002,66.39
"421010008031, PA",421010008031,421010008031,26.44
"421010011011, PA",421010011011,421010011011,39.47
"421010136024, PA",421010136024,421010136024,38.52
"421010011014, PA",421010011014,421010011014,35.65
"421010030011, PA",421010030011,421010030011,45.29
"421010008042, PA",421010008042,421010008042,47.44
"421010008034, PA",421010008034,421010008034,17.22
,,,
"Location: Philadelphia (County, 2010)",,,
,,,
Block Group Boundary Year: 2010,,,
,,,
Indicator source: Census,,,
http://www.policymap.com/our-data-directory.html#Census%20and%20PolicyMap:%20Racial%20and%20Ethnic%20Diversity,,,
,,,
"When using PolicyMap data in your work, please consult the Terms of Use and the instructions for Citing Us:",,,
https://www.policymap.com/terms/,,,
https://www.policymap.com/citing/,,,